SNP,BP,A1,A2,Probe Set ID,Flank,Flank with LVP,Flank with Orlando
AX-93217744,9401501,A,C,AX-93217744,ATAAAAAATGAAACTGAGACTAGAATGCTACCGAA[G/T]GTAACCTTCAATATTGTACGACATGAAGGCTGGTG,ATAAAAAATGAAACTGAGACTAGAATGCTACCGAAAGTAACCTTCAATATTGTACGACATGAAGGCTGGTG,ATAAAAAATGAAACTGAGACTAGAATGCTACCGAACGTAACCTTCAATATTGTACGACATGAAGGCTGGTG
AX-93263480,17469051,T,C,AX-93263480,AACATTTCCTGAAATTTTAGTGAAGTAGCTGACCT[A/G]CAATCCAACTCGTACTTCGCCAACGTCTACGTGAA,AACATTTCCTGAAATTTTAGTGAAGTAGCTGACCTTCAATCCAACTCGTACTTCGCCAACGTCTACGTGAA,AACATTTCCTGAAATTTTAGTGAAGTAGCTGACCTCCAATCCAACTCGTACTTCGCCAACGTCTACGTGAA
AX-93258685,36422819,A,G,AX-93258685,TGAAACTGTTGCCCACCTTCCTTTTCTTCAACAAC[A/G]ATGCCATCGAAGACGTTACCAAATGTGAACCCATT,TGAAACTGTTGCCCACCTTCCTTTTCTTCAACAACAATGCCATCGAAGACGTTACCAAATGTGAACCCATT,TGAAACTGTTGCCCACCTTCCTTTTCTTCAACAACGATGCCATCGAAGACGTTACCAAATGTGAACCCATT
AX-93243723,40784712,G,A,AX-93243723,AACCGTCGATGCATTCTGACGTCGGGCGGAATCTT[C/T]CTGCTGACATTCGGAGTGTTCTTCACCTTCTGCTT,AACCGTCGATGCATTCTGACGTCGGGCGGAATCTTGCTGCTGACATTCGGAGTGTTCTTCACCTTCTGCTT,AACCGTCGATGCATTCTGACGTCGGGCGGAATCTTACTGCTGACATTCGGAGTGTTCTTCACCTTCTGCTT
AX-93251560,51796298,G,A,AX-93251560,CAATAAGTGATATCAGTGCTAACTTGGCTCTCGTA[A/G]GCCGAATTAGAAGTTGTTCCCATGAAATGAAATGC,CAATAAGTGATATCAGTGCTAACTTGGCTCTCGTAGGCCGAATTAGAAGTTGTTCCCATGAAATGAAATGC,CAATAAGTGATATCAGTGCTAACTTGGCTCTCGTAAGCCGAATTAGAAGTTGTTCCCATGAAATGAAATGC
AX-93239662,61093138,C,T,AX-93239662,AAGAAACTCTCGGGAAAACCTAAGCAGAAACCTCG[A/G]AAAGGTCCTCGAAGAATTCCGGCAAGACATCCCTG,AAGAAACTCTCGGGAAAACCTAAGCAGAAACCTCGCAAAGGTCCTCGAAGAATTCCGGCAAGACATCCCTG,AAGAAACTCTCGGGAAAACCTAAGCAGAAACCTCGTAAAGGTCCTCGAAGAATTCCGGCAAGACATCCCTG
AX-93252573,69096526,C,T,AX-93252573,CAAATGTCTAAAGTTATGACACTTTTAGTATGTTG[A/G]GAGAAACGTCTGCCACATTATTCATCGATATGGAG,CAAATGTCTAAAGTTATGACACTTTTAGTATGTTGCGAGAAACGTCTGCCACATTATTCATCGATATGGAG,CAAATGTCTAAAGTTATGACACTTTTAGTATGTTGTGAGAAACGTCTGCCACATTATTCATCGATATGGAG
AX-93258936,130251232,G,A,AX-93258936,GTCAGTTGCAATTATTGGGTAATGAAAGGATTCTT[A/G]ACTCATGGGAGAGATTGCAGTGTTGTAACGTTCAT,GTCAGTTGCAATTATTGGGTAATGAAAGGATTCTTGACTCATGGGAGAGATTGCAGTGTTGTAACGTTCAT,GTCAGTTGCAATTATTGGGTAATGAAAGGATTCTTAACTCATGGGAGAGATTGCAGTGTTGTAACGTTCAT
AX-93251321,130319624,C,T,AX-93251321,GGCCAGAACGCGTTTAGTTGGATACAGCAAGTCAC[C/T]TTAATGAATTGTTAAACTAAAACATTTAAATAAAA,GGCCAGAACGCGTTTAGTTGGATACAGCAAGTCACCTTAATGAATTGTTAAACTAAAACATTTAAATAAAA,GGCCAGAACGCGTTTAGTTGGATACAGCAAGTCACTTTAATGAATTGTTAAACTAAAACATTTAAATAAAA
AX-93224995,131197675,T,C,AX-93224995,CTAATGGTGTGAACCTGACATTGGAACTGAAAGAT[A/G]AGGTCTACTGGTTAATTTGGATGGAATGTAATTTC,CTAATGGTGTGAACCTGACATTGGAACTGAAAGATTAGGTCTACTGGTTAATTTGGATGGAATGTAATTTC,CTAATGGTGTGAACCTGACATTGGAACTGAAAGATCAGGTCTACTGGTTAATTTGGATGGAATGTAATTTC
AX-93253587,201681670,C,T,AX-93253587,TTTAGAGAGCTATCCAGTATCTGTTTCCCTCTGGA[C/T]TGTACGATAAGAAGGCGAGGCCAATGATGAAGCCC,TTTAGAGAGCTATCCAGTATCTGTTTCCCTCTGGACTGTACGATAAGAAGGCGAGGCCAATGATGAAGCCC,TTTAGAGAGCTATCCAGTATCTGTTTCCCTCTGGATTGTACGATAAGAAGGCGAGGCCAATGATGAAGCCC
AX-93246299,233428480,G,T,AX-93246299,GACAAATTTTCGACGACATTCTCAAAGCCTATGAC[A/C]ACTATCTCCAGCACAGTACGTGGGCAGTCAATGGC,GACAAATTTTCGACGACATTCTCAAAGCCTATGACGACTATCTCCAGCACAGTACGTGGGCAGTCAATGGC,GACAAATTTTCGACGACATTCTCAAAGCCTATGACTACTATCTCCAGCACAGTACGTGGGCAGTCAATGGC
AX-93257863,251816774,C,T,AX-93257863,AGTAGATGAGCTTAGCATTTCCCAGCAAAAAACTA[A/G]CATTTATCGTCACGATAGACTAAAGAAACAATGTT,AGTAGATGAGCTTAGCATTTCCCAGCAAAAAACTACCATTTATCGTCACGATAGACTAAAGAAACAATGTT,AGTAGATGAGCTTAGCATTTCCCAGCAAAAAACTATCATTTATCGTCACGATAGACTAAAGAAACAATGTT
AX-93257379,253766342,G,A,AX-93257379,ACAGCGAGTCAACGATGCGCGAAAATGGCATTCGT[C/T]GTTCACGTCTGACGGGCAGGAAATATCAGGCGCAA,ACAGCGAGTCAACGATGCGCGAAAATGGCATTCGTGGTTCACGTCTGACGGGCAGGAAATATCAGGCGCAA,ACAGCGAGTCAACGATGCGCGAAAATGGCATTCGTAGTTCACGTCTGACGGGCAGGAAATATCAGGCGCAA
AX-93214935,266442749,C,A,AX-93214935,TCTTCTAACTGAGAGTAATTACGTGGATCGTGATT[G/T]TATGGATACGTTGATCCTAGTGATTGATTATGAGT,TCTTCTAACTGAGAGTAATTACGTGGATCGTGATTCTATGGATACGTTGATCCTAGTGATTGATTATGAGT,TCTTCTAACTGAGAGTAATTACGTGGATCGTGATTATATGGATACGTTGATCCTAGTGATTGATTATGAGT
AX-93226405,349962309,C,T,AX-93226405,CACGCCATCGAGCAAAAATGTACACTGACATTGAA[C/T]GAAAGTTATTTAATACACGCCACATACTAAATATA,CACGCCATCGAGCAAAAATGTACACTGACATTGAACGAAAGTTATTTAATACACGCCACATACTAAATATA,CACGCCATCGAGCAAAAATGTACACTGACATTGAATGAAAGTTATTTAATACACGCCACATACTAAATATA
AX-93239566,422010037,0,G,AX-93239566,GGTACGTGAGCGTAGCTCTTTCAAACGGTGGCCTT[A/C]AACTCATGCCTGGCTGTACTGAACGCTATTCAAGA,GGTACGTGAGCGTAGCTCTTTCAAACGGTGGCCTT0AACTCATGCCTGGCTGTACTGAACGCTATTCAAGA,GGTACGTGAGCGTAGCTCTTTCAAACGGTGGCCTTGAACTCATGCCTGGCTGTACTGAACGCTATTCAAGA
AX-93250737,446568376,T,C,AX-93250737,TCAGCAATGTCCCAGATGGGTTCCATGGGTGATCT[A/G]GGACCTAGCAGTAGTGGCTACTTCCAGCATCCGTA,TCAGCAATGTCCCAGATGGGTTCCATGGGTGATCTTGGACCTAGCAGTAGTGGCTACTTCCAGCATCCGTA,TCAGCAATGTCCCAGATGGGTTCCATGGGTGATCTCGGACCTAGCAGTAGTGGCTACTTCCAGCATCCGTA
